{"cameraMode":{"drawMode":0,"name":"Shaded","section":"Shading Mode"},"sceneLighting":false,"audioPlay":false,"sceneViewState":{"showFog":true,"showMaterialUpdate":false,"showSkybox":false,"showFlares":true,"showImageEffects":true,"showParticleSystems":true},"in2DMode":false,"pivot":{"x":188.19290161132813,"y":12.38259506225586,"z":-15.859697341918946},"rotation":{"x":-0.12105666846036911,"y":0.8728567361831665,"z":-0.2746129631996155,"w":-0.3847784698009491},"size":10.079180717468262,"orthographic":false}