{"cameraMode":{"drawMode":0,"name":"Shaded","section":"Shading Mode"},"sceneLighting":true,"audioPlay":false,"sceneViewState":{"showFog":true,"showMaterialUpdate":true,"showSkybox":true,"showFlares":true,"showImageEffects":true,"showParticleSystems":true},"in2DMode":false,"pivot":{"x":40.4212646484375,"y":-7.162868499755859,"z":297.43621826171877},"rotation":{"x":0.23981358110904694,"y":-0.7521455883979797,"z":0.3661147654056549,"w":0.49267271161079409},"size":40.619407653808597,"orthographic":false}