{"cameraMode":{"drawMode":0,"name":"Shaded","section":"Shading Mode"},"sceneLighting":true,"audioPlay":false,"sceneViewState":{"showFog":true,"showMaterialUpdate":true,"showSkybox":false,"showFlares":true,"showImageEffects":true,"showParticleSystems":true},"in2DMode":false,"pivot":{"x":24.200489044189454,"y":33.33347702026367,"z":17.582481384277345},"rotation":{"x":0.2488868534564972,"y":-0.21289482712745667,"z":0.05617810785770416,"w":0.9431764483451843},"size":468.2198486328125,"orthographic":false}