{"cameraMode":{"drawMode":0,"name":"Shaded","section":"Shading Mode"},"sceneLighting":true,"audioPlay":false,"sceneViewState":{"showFog":true,"showMaterialUpdate":false,"showSkybox":false,"showFlares":true,"showImageEffects":true,"showParticleSystems":true},"in2DMode":false,"pivot":{"x":0.0,"y":1.0026841163635255,"z":-10.789999961853028},"rotation":{"x":0.39630019664764407,"y":0.044866595417261127,"z":-0.01939365640282631,"w":0.9168195724487305},"size":27.80787467956543,"orthographic":false}