{"cameraMode":{"drawMode":0,"name":"Shaded","section":"Shading Mode"},"sceneLighting":false,"audioPlay":false,"sceneViewState":{"showFog":true,"showMaterialUpdate":false,"showSkybox":false,"showFlares":true,"showImageEffects":true,"showParticleSystems":true},"in2DMode":false,"pivot":{"x":188.19290161132813,"y":12.38259506225586,"z":-15.859697341918946},"rotation":{"x":-0.006892682518810034,"y":0.9541911482810974,"z":-0.29830536246299746,"w":-0.022047434002161027},"size":10.079180717468262,"orthographic":false}